CREATE DATABASE  IF NOT EXISTS `prison` /*!40100 DEFAULT CHARACTER SET utf8mb4 COLLATE utf8mb4_0900_ai_ci */ /*!80016 DEFAULT ENCRYPTION='N' */;
USE `prison`;
-- MySQL dump 10.13  Distrib 8.0.31, for macos12 (x86_64)
--
-- Host: localhost    Database: prison
-- ------------------------------------------------------
-- Server version	8.0.32

/*!40101 SET @OLD_CHARACTER_SET_CLIENT=@@CHARACTER_SET_CLIENT */;
/*!40101 SET @OLD_CHARACTER_SET_RESULTS=@@CHARACTER_SET_RESULTS */;
/*!40101 SET @OLD_COLLATION_CONNECTION=@@COLLATION_CONNECTION */;
/*!50503 SET NAMES utf8 */;
/*!40103 SET @OLD_TIME_ZONE=@@TIME_ZONE */;
/*!40103 SET TIME_ZONE='+00:00' */;
/*!40014 SET @OLD_UNIQUE_CHECKS=@@UNIQUE_CHECKS, UNIQUE_CHECKS=0 */;
/*!40014 SET @OLD_FOREIGN_KEY_CHECKS=@@FOREIGN_KEY_CHECKS, FOREIGN_KEY_CHECKS=0 */;
/*!40101 SET @OLD_SQL_MODE=@@SQL_MODE, SQL_MODE='NO_AUTO_VALUE_ON_ZERO' */;
/*!40111 SET @OLD_SQL_NOTES=@@SQL_NOTES, SQL_NOTES=0 */;

--
-- Table structure for table `Cell`
--

DROP TABLE IF EXISTS `Cell`;
/*!40101 SET @saved_cs_client     = @@character_set_client */;
/*!50503 SET character_set_client = utf8mb4 */;
CREATE TABLE `Cell` (
  `cellId` int NOT NULL,
  `capacity` int DEFAULT NULL,
  `cellType` varchar(50) DEFAULT NULL,
  `location` varchar(100) DEFAULT NULL,
  `inmateNumber` int DEFAULT NULL,
  PRIMARY KEY (`cellId`)
) ENGINE=InnoDB DEFAULT CHARSET=utf8mb4 COLLATE=utf8mb4_0900_ai_ci;
/*!40101 SET character_set_client = @saved_cs_client */;

--
-- Dumping data for table `Cell`
--

LOCK TABLES `Cell` WRITE;
/*!40000 ALTER TABLE `Cell` DISABLE KEYS */;
INSERT INTO `Cell` VALUES (1,2,'Standard','Block A, Level 1',1),(2,1,'Isolation','Block B, Level 2',2),(3,3,'Standard','Block C, Level 1',3),(4,2,'Standard','Block A, Level 2',4),(5,1,'Isolation','Block B, Level 1',5),(6,3,'Standard','Block C, Level 2',6),(7,2,'Standard','Block A, Level 3',7),(8,1,'Isolation','Block B, Level 2',8),(9,3,'Standard','Block C, Level 1',9),(10,2,'Standard','Block A, Level 1',10),(11,1,'Isolation','Block B, Level 3',11),(12,3,'Standard','Block C, Level 2',12),(13,2,'Standard','Block A, Level 3',13),(14,1,'Isolation','Block B, Level 1',14),(15,3,'Standard','Block C, Level 1',15),(16,2,'Standard','Block A, Level 2',16),(17,1,'Isolation','Block B, Level 2',17),(18,3,'Standard','Block C, Level 3',18),(19,2,'Standard','Block A, Level 1',19),(20,1,'Isolation','Block B, Level 3',20),(21,3,'Standard','Block C, Level 2',21),(22,2,'Standard','Block A, Level 2',22),(23,1,'Isolation','Block B, Level 1',23),(24,3,'Standard','Block C, Level 3',24),(25,2,'Standard','Block A, Level 3',25),(26,1,'Isolation','Block B, Level 2',26),(27,3,'Standard','Block C, Level 1',27),(28,2,'Standard','Block A, Level 1',28),(29,1,'Isolation','Block B, Level 3',29),(30,3,'Standard','Block C, Level 2',30),(31,2,'Standard','Block A, Level 3',31),(32,1,'Isolation','Block B, Level 1',32),(33,3,'Standard','Block C, Level 1',33),(34,2,'Standard','Block A, Level 2',34),(35,1,'Isolation','Block B, Level 2',35),(36,3,'Standard','Block C, Level 3',36),(37,2,'Standard','Block A, Level 1',37),(38,1,'Isolation','Block B, Level 3',38),(39,3,'Standard','Block C, Level 2',39),(40,2,'Standard','Block A, Level 2',40);
/*!40000 ALTER TABLE `Cell` ENABLE KEYS */;
UNLOCK TABLES;

--
-- Table structure for table `inmates`
--

DROP TABLE IF EXISTS `inmates`;
/*!40101 SET @saved_cs_client     = @@character_set_client */;
/*!50503 SET character_set_client = utf8mb4 */;
CREATE TABLE `inmates` (
  `inmateId` int DEFAULT NULL,
  `firstName` varchar(50) DEFAULT NULL,
  `lastName` varchar(50) DEFAULT NULL,
  `dateOfBirth` date DEFAULT NULL,
  `gender` varchar(10) DEFAULT NULL,
  `nationality` varchar(50) DEFAULT NULL,
  `sentenceStartDate` date DEFAULT NULL,
  `sentenceEndDate` date DEFAULT NULL,
  `crimeDetails` varchar(50) DEFAULT NULL,
  `assignedCell` varchar(10) DEFAULT NULL,
  KEY `idx_inmateId` (`inmateId`)
) ENGINE=InnoDB DEFAULT CHARSET=utf8mb4 COLLATE=utf8mb4_0900_ai_ci;
/*!40101 SET character_set_client = @saved_cs_client */;

--
-- Dumping data for table `inmates`
--

LOCK TABLES `inmates` WRITE;
/*!40000 ALTER TABLE `inmates` DISABLE KEYS */;
INSERT INTO `inmates` VALUES (1,'John','Smith','1985-03-12','Male','American','2022-07-15','2025-07-15','Burglary','Cell A1'),(2,'Emily','Johnson','1992-11-28','Female','Canadian','2023-02-10','2024-11-10','Fraud','Cell B2'),(3,'David','Wilson','1978-09-05','Male','British','2021-12-03','2025-06-03','Drug trafficking','Cell C3'),(4,'Sophia','Lee','1990-06-18','Female','American','2023-04-20','2026-04-20','Assault','Cell A2'),(5,'Michael','Brown','1982-02-07','Male','Australian','2022-09-01','2024-09-01','Robbery','Cell B1'),(6,'Olivia','Davis','1987-07-25','Female','American','2023-05-10','2025-05-10','Money laundering','Cell C2'),(7,'Daniel','Martinez','1984-01-31','Male','Mexican','2021-11-18','2024-11-18','Homicide','Cell A3'),(8,'Ava','Thompson','1995-08-14','Female','Canadian','2023-03-05','2025-03-05','Identity theft','Cell B2'),(9,'James','Rodriguez','1976-12-09','Male','American','2022-06-25','2025-06-25','Arson','Cell C1'),(10,'Mia','Wilson','1993-03-20','Female','British','2023-01-12','2026-01-12','Drug possession','Cell A1'),(11,'Ethan','Anderson','1988-07-04','Male','American','2023-02-15','2025-02-15','Embezzlement','Cell B3'),(12,'Lily','Thompson','1991-09-22','Female','Canadian','2022-08-07','2024-08-07','Forgery','Cell C2'),(13,'Benjamin','Harris','1977-05-18','Male','American','2021-10-10','2024-10-10','Assault with a deadly weapon','Cell A3'),(14,'Chloe','Martin','1994-02-09','Female','French','2023-03-20','2026-03-20','Cybercrime','Cell B1'),(15,'William','Robinson','1981-11-14','Male','Australian','2022-05-05','2023-05-05','Theft','Cell C1'),(16,'Ella','Lewis','1986-06-27','Female','American','2023-01-03','2025-01-03','Drug trafficking','Cell A2'),(17,'Daniel','Garcia','1983-03-17','Male','Mexican','2022-12-01','2025-12-01','Robbery','Cell B2'),(18,'Mia','Clark','1993-08-11','Female','British','2023-04-25','2025-04-25','Money laundering','Cell C3'),(19,'Alexander','Lopez','1979-04-01','Male','American','2022-07-20','2024-07-20','Homicide','Cell A1'),(20,'Sophia','Young','1990-01-02','Female','Canadian','2023-02-13','2026-02-13','Fraud','Cell B3'),(21,'James','Walker','1976-09-17','Male','American','2021-12-11','2024-12-11','Burglary','Cell C2'),(22,'Charlotte','King','1989-04-29','Female','British','2022-09-05','2023-09-05','Assault','Cell A2'),(23,'Michael','Baker','1981-01-13','Male','American','2023-04-01','2025-04-01','Drug possession','Cell B1'),(24,'Abigail','Gonzalez','1996-03-07','Female','Mexican','2022-08-18','2024-08-18','Identity theft','Cell C3'),(25,'Daniel','Hill','1983-07-25','Male','Australian','2023-01-17','2025-01-17','Arson','Cell A3'),(26,'Olivia','Scott','1988-02-10','Female','American','2021-11-03','2024-11-03','Embezzlement','Cell B2'),(27,'Elijah','Perez','1991-12-22','Male','Mexican','2023-03-10','2025-03-10','Forgery','Cell C1'),(28,'Elizabeth','Adams','1977-06-16','Female','Canadian','2022-06-28','2023-06-28','Assault with a deadly weapon','Cell A2'),(29,'Aiden','Mitchell','1994-09-30','Male','American','2023-03-15','2026-03-15','Cybercrime','Cell B3'),(30,'Amelia','White','1981-12-15','Female','British','2022-10-01','2024-10-01','Theft','Cell C2'),(31,'Henry','Lee','1986-07-05','Male','American','2022-12-07','2025-12-07','Drug trafficking','Cell A3'),(32,'Sofia','Taylor','1984-04-19','Female','Canadian','2022-07-25','2024-07-25','Robbery','Cell B2'),(33,'Andrew','Anderson','1991-02-28','Male','American','2023-04-10','2026-04-10','Money laundering','Cell C1'),(34,'Mila','Clark','1978-11-23','Female','British','2021-12-28','2024-12-28','Homicide','Cell A1'),(35,'Lucas','Lewis','1989-08-16','Male','American','2023-02-20','2025-02-20','Fraud','Cell B2'),(36,'Victoria','Garcia','1992-05-21','Female','Mexican','2022-09-12','2024-09-12','Burglary','Cell C3'),(37,'Joseph','Hall','1977-02-03','Male','American','2022-11-01','2025-11-01','Assault','Cell A2'),(38,'Scarlett','Young','1990-09-26','Female','Canadian','2023-03-05','2026-03-05','Drug possession','Cell B1'),(39,'Jackson','Rodriguez','1983-05-08','Male','American','2022-08-20','2024-08-20','Identity theft','Cell C2'),(40,'Avery','Harris','1995-01-31','Female','French','2023-04-25','2025-04-25','Arson','Cell A3');
/*!40000 ALTER TABLE `inmates` ENABLE KEYS */;
UNLOCK TABLES;

--
-- Table structure for table `labor`
--

DROP TABLE IF EXISTS `labor`;
/*!40101 SET @saved_cs_client     = @@character_set_client */;
/*!50503 SET character_set_client = utf8mb4 */;
CREATE TABLE `labor` (
  `labor_id` int NOT NULL AUTO_INCREMENT,
  `labor_type` int DEFAULT NULL,
  `labor_start_date` date DEFAULT NULL,
  `labor_end_date` date DEFAULT NULL,
  `labor_description` varchar(255) DEFAULT NULL,
  `inmate_id` int DEFAULT NULL,
  PRIMARY KEY (`labor_id`),
  KEY `inmate_id` (`inmate_id`),
  CONSTRAINT `labor_ibfk_1` FOREIGN KEY (`inmate_id`) REFERENCES `inmates` (`inmateId`)
) ENGINE=InnoDB AUTO_INCREMENT=41 DEFAULT CHARSET=utf8mb4 COLLATE=utf8mb4_0900_ai_ci;
/*!40101 SET character_set_client = @saved_cs_client */;

--
-- Dumping data for table `labor`
--

LOCK TABLES `labor` WRITE;
/*!40000 ALTER TABLE `labor` DISABLE KEYS */;
INSERT INTO `labor` VALUES (1,1,'2022-01-01','2022-01-31','Cleaning',1),(2,2,'2022-02-01','2022-02-28','Gardening',2),(3,3,'2022-03-01','2022-03-31','Painting',3),(4,4,'2022-04-01','2022-04-30','Maintenance',4),(5,5,'2022-05-01','2022-05-31','Cooking',5),(6,6,'2022-06-01','2022-06-30','Cleaning',6),(7,1,'2022-07-01','2022-07-31','Cleaning',7),(8,2,'2022-08-01','2022-08-31','Gardening',8),(9,3,'2022-09-01','2022-09-30','Painting',9),(10,4,'2022-10-01','2022-10-31','Maintenance',10),(11,1,'2022-11-01','2022-11-30','Cleaning',11),(12,2,'2022-12-01','2022-12-31','Gardening',12),(13,3,'2023-01-01','2023-01-31','Painting',13),(14,4,'2023-02-01','2023-02-28','Maintenance',14),(15,1,'2023-03-01','2023-03-31','Cleaning',15),(16,2,'2023-04-01','2023-04-30','Gardening',16),(17,3,'2023-05-01','2023-05-31','Painting',17),(18,4,'2023-06-01','2023-06-30','Maintenance',18),(19,1,'2023-07-01','2023-07-31','Cleaning',19),(20,2,'2023-08-01','2023-08-31','Gardening',20),(21,3,'2023-09-01','2023-09-30','Painting',21),(22,4,'2023-10-01','2023-10-31','Maintenance',22),(23,1,'2023-11-01','2023-11-30','Cleaning',23),(24,2,'2023-12-01','2023-12-31','Gardening',24),(25,3,'2024-01-01','2024-01-31','Painting',25),(26,4,'2024-02-01','2024-02-29','Maintenance',26),(27,1,'2024-03-01','2024-03-31','Cleaning',27),(28,2,'2024-04-01','2024-04-30','Gardening',28),(29,3,'2024-05-01','2024-05-31','Painting',29),(30,4,'2024-06-01','2024-06-30','Maintenance',30),(31,1,'2024-07-01','2024-07-31','Cleaning',31),(32,2,'2024-08-01','2024-08-31','Gardening',32),(33,3,'2024-09-01','2024-09-30','Painting',33),(34,4,'2024-10-01','2024-10-31','Maintenance',34),(35,1,'2024-11-01','2024-11-30','Cleaning',35),(36,2,'2024-12-01','2024-12-31','Gardening',36),(37,3,'2025-01-01','2025-01-31','Painting',37),(38,4,'2025-02-01','2025-02-28','Maintenance',38),(39,1,'2025-03-01','2025-03-31','Cleaning',39),(40,2,'2025-04-01','2025-04-30','Gardening',40);
/*!40000 ALTER TABLE `labor` ENABLE KEYS */;
UNLOCK TABLES;

--
-- Table structure for table `Staff`
--

DROP TABLE IF EXISTS `Staff`;
/*!40101 SET @saved_cs_client     = @@character_set_client */;
/*!50503 SET character_set_client = utf8mb4 */;
CREATE TABLE `Staff` (
  `staffId` int NOT NULL,
  `firstName` varchar(50) DEFAULT NULL,
  `lastName` varchar(50) DEFAULT NULL,
  `jobTitle` varchar(50) DEFAULT NULL,
  `dateOfBirth` date DEFAULT NULL,
  `gender` varchar(10) DEFAULT NULL,
  `nationality` varchar(50) DEFAULT NULL,
  `phoneNumber` varchar(20) DEFAULT NULL,
  PRIMARY KEY (`staffId`),
  KEY `idx_staffId` (`staffId`)
) ENGINE=InnoDB DEFAULT CHARSET=utf8mb4 COLLATE=utf8mb4_0900_ai_ci;
/*!40101 SET character_set_client = @saved_cs_client */;

--
-- Dumping data for table `Staff`
--

LOCK TABLES `Staff` WRITE;
/*!40000 ALTER TABLE `Staff` DISABLE KEYS */;
INSERT INTO `Staff` VALUES (101,'John','Smith',' Visiting Guard','1980-05-15','Male','American','555-1234'),(202,'Sarah','Johnson',' Visiting Guard','1992-09-20','Female','Canadian','555-5678'),(303,'Michael','Brown',' Visiting Guard','1975-03-10','Male','British','555-9876'),(404,'Emily','Davis','Nurse','1988-12-03','Female','Australian','555-4321'),(505,'Robert','Wilson','Maintenance Technician','1982-07-25','Male','American','555-2468'),(606,'Jennifer','Thompson','Cook','1990-11-18','Female','Canadian','555-1357'),(707,'David','Martinez','Security Officer','1985-02-28','Male','Mexican','555-8642'),(808,'Ashley','Anderson','Counselor','1987-06-12','Female','American','555-7913'),(909,'Christopher','Garcia','Correctional Officer','1991-10-08','Male','American','555-3197'),(1010,'Jessica','Rodriguez','Social Worker','1984-04-06','Female','American','555-2674'),(1111,'Daniel','Lee','Maintenance Technician','1979-09-14','Male','Korean','555-7289'),(1212,'Kimberly','Nguyen','Nurse','1995-01-22','Female','Vietnamese','555-9362'),(1313,'Joshua','Wilson','Correctional Officer','1986-08-11','Male','American','555-1457'),(1414,'Amanda','Smith','Psychologist','1993-12-29','Female','American','555-6502'),(1515,'Andrew','Taylor','Security Officer','1983-03-07','Male','British','555-8721');
/*!40000 ALTER TABLE `Staff` ENABLE KEYS */;
UNLOCK TABLES;

--
-- Table structure for table `Visitation`
--

DROP TABLE IF EXISTS `Visitation`;
/*!40101 SET @saved_cs_client     = @@character_set_client */;
/*!50503 SET character_set_client = utf8mb4 */;
CREATE TABLE `Visitation` (
  `visitId` int NOT NULL,
  `visitDate` date DEFAULT NULL,
  `visitorName` varchar(50) DEFAULT NULL,
  `inmateId` int DEFAULT NULL,
  `staffId` int DEFAULT NULL,
  PRIMARY KEY (`visitId`),
  KEY `inmateId` (`inmateId`),
  KEY `staffId` (`staffId`),
  CONSTRAINT `visitation_ibfk_1` FOREIGN KEY (`inmateId`) REFERENCES `inmates` (`inmateId`),
  CONSTRAINT `visitation_ibfk_2` FOREIGN KEY (`staffId`) REFERENCES `Staff` (`staffId`)
) ENGINE=InnoDB DEFAULT CHARSET=utf8mb4 COLLATE=utf8mb4_0900_ai_ci;
/*!40101 SET character_set_client = @saved_cs_client */;

--
-- Dumping data for table `Visitation`
--

LOCK TABLES `Visitation` WRITE;
/*!40000 ALTER TABLE `Visitation` DISABLE KEYS */;
INSERT INTO `Visitation` VALUES (1,'2023-06-05','Emily Johnson',1,101),(2,'2023-06-06','Michael Brown',1,202),(3,'2023-06-07','David Wilson',1,303),(4,'2023-06-05','John Smith',2,101),(5,'2023-06-06','Sarah Johnson',2,202),(6,'2023-06-07','Michael Brown',2,303),(7,'2023-06-05','Sarah Johnson',3,101),(8,'2023-06-06','John Smith',3,202),(9,'2023-06-07','Emily Davis',3,303),(10,'2023-06-05','Michael Brown',4,101),(11,'2023-06-06','Sarah Johnson',4,202),(12,'2023-06-07','John Smith',4,303),(13,'2023-06-05','Emily Johnson',5,101),(14,'2023-06-06','David Wilson',5,202),(15,'2023-06-07','Sarah Johnson',5,303),(16,'2023-06-05','John Smith',6,101),(17,'2023-06-06','Emily Davis',6,202),(18,'2023-06-07','Michael Brown',6,303),(19,'2023-06-05','David Wilson',7,101),(20,'2023-06-06','Sarah Johnson',7,202),(21,'2023-06-07','John Smith',7,303),(22,'2023-06-05','Emily Davis',8,101),(23,'2023-06-06','Michael Brown',8,202),(24,'2023-06-07','Sarah Johnson',8,303),(25,'2023-06-05','John Smith',9,101),(26,'2023-06-06','Emily Davis',9,202),(27,'2023-06-07','David Wilson',9,303),(28,'2023-06-05','Sarah Johnson',10,101),(29,'2023-06-06','John Smith',10,202),(30,'2023-06-07','Emily Johnson',10,303),(31,'2023-06-05','Michael Brown',11,101),(32,'2023-06-06','Sarah Johnson',11,202),(33,'2023-06-07','John Smith',11,303),(34,'2023-06-05','Emily Johnson',12,101),(35,'2023-06-06','David Wilson',12,202),(36,'2023-06-07','Sarah Johnson',12,303),(37,'2023-06-05','John Smith',13,101),(38,'2023-06-06','Emily Davis',13,202),(39,'2023-06-07','Michael Brown',13,303),(40,'2023-06-05','David Wilson',14,101),(41,'2023-06-06','Sarah Johnson',14,202),(42,'2023-06-07','John Smith',14,303),(43,'2023-06-05','Emily Davis',15,101),(44,'2023-06-06','Michael Brown',15,202),(45,'2023-06-07','Sarah Johnson',15,303),(46,'2023-06-05','John Smith',16,101),(47,'2023-06-06','Emily Johnson',16,202),(48,'2023-06-07','David Wilson',16,303),(49,'2023-06-05','Sarah Johnson',17,101),(50,'2023-06-06','John Smith',17,202),(51,'2023-06-07','Emily Davis',17,303),(52,'2023-06-05','Michael Brown',18,101),(53,'2023-06-06','Sarah Johnson',18,202),(54,'2023-06-07','John Smith',18,303),(55,'2023-06-05','Emily Johnson',19,101),(56,'2023-06-06','David Wilson',19,202),(57,'2023-06-07','Sarah Johnson',19,303),(58,'2023-06-05','John Smith',20,101),(59,'2023-06-06','Emily Davis',20,202),(60,'2023-06-07','Michael Brown',20,303),(61,'2023-06-05','David Wilson',21,101),(62,'2023-06-06','Sarah Johnson',21,202),(63,'2023-06-07','John Smith',21,303),(64,'2023-06-05','Emily Davis',22,101),(65,'2023-06-06','Michael Brown',22,202),(66,'2023-06-07','Sarah Johnson',22,303),(67,'2023-06-05','John Smith',23,101),(68,'2023-06-06','Emily Johnson',23,202),(69,'2023-06-07','David Wilson',23,303),(70,'2023-06-05','Sarah Johnson',24,101),(71,'2023-06-06','John Smith',24,202),(72,'2023-06-07','Emily Davis',24,303),(73,'2023-06-05','Michael Brown',25,101),(74,'2023-06-06','Sarah Johnson',25,202),(75,'2023-06-07','John Smith',25,303),(76,'2023-06-05','Emily Johnson',26,101),(77,'2023-06-06','David Wilson',26,202),(78,'2023-06-07','Sarah Johnson',26,303),(79,'2023-06-05','John Smith',27,101),(80,'2023-06-06','Emily Davis',27,202),(81,'2023-06-07','Michael Brown',27,303),(82,'2023-06-05','David Wilson',28,101),(83,'2023-06-06','Sarah Johnson',28,202),(84,'2023-06-07','John Smith',28,303),(85,'2023-06-05','Emily Davis',29,101),(86,'2023-06-06','Michael Brown',29,202),(87,'2023-06-07','Sarah Johnson',29,303),(88,'2023-06-05','John Smith',30,101),(89,'2023-06-06','Emily Johnson',30,202),(90,'2023-06-07','David Wilson',30,303),(91,'2023-06-05','Sarah Johnson',31,101),(92,'2023-06-06','John Smith',31,202),(93,'2023-06-07','Emily Davis',31,303),(94,'2023-06-05','Michael Brown',32,101),(95,'2023-06-06','Sarah Johnson',32,202),(96,'2023-06-07','John Smith',32,303),(97,'2023-06-05','Emily Johnson',33,101),(98,'2023-06-06','David Wilson',33,202),(99,'2023-06-07','Sarah Johnson',33,303),(100,'2023-06-05','John Smith',34,101),(101,'2023-06-06','Emily Davis',34,202),(102,'2023-06-07','Michael Brown',34,303),(103,'2023-06-05','David Wilson',35,101),(104,'2023-06-06','Sarah Johnson',35,202),(105,'2023-06-07','John Smith',35,303),(106,'2023-06-05','Emily Davis',36,101),(107,'2023-06-06','Michael Brown',36,202),(108,'2023-06-07','Sarah Johnson',36,303),(109,'2023-06-05','John Smith',37,101),(110,'2023-06-06','Emily Johnson',37,202),(111,'2023-06-07','David Wilson',37,303),(112,'2023-06-05','Sarah Johnson',38,101),(113,'2023-06-06','John Smith',38,202),(114,'2023-06-07','Emily Davis',38,303),(115,'2023-06-05','Michael Brown',39,101),(116,'2023-06-06','Sarah Johnson',39,202),(117,'2023-06-07','John Smith',39,303),(118,'2023-06-05','Emily Johnson',40,101),(119,'2023-06-06','David Wilson',40,202),(120,'2023-06-07','Sarah Johnson',40,303);
/*!40000 ALTER TABLE `Visitation` ENABLE KEYS */;
UNLOCK TABLES;
/*!40103 SET TIME_ZONE=@OLD_TIME_ZONE */;

/*!40101 SET SQL_MODE=@OLD_SQL_MODE */;
/*!40014 SET FOREIGN_KEY_CHECKS=@OLD_FOREIGN_KEY_CHECKS */;
/*!40014 SET UNIQUE_CHECKS=@OLD_UNIQUE_CHECKS */;
/*!40101 SET CHARACTER_SET_CLIENT=@OLD_CHARACTER_SET_CLIENT */;
/*!40101 SET CHARACTER_SET_RESULTS=@OLD_CHARACTER_SET_RESULTS */;
/*!40101 SET COLLATION_CONNECTION=@OLD_COLLATION_CONNECTION */;
/*!40111 SET SQL_NOTES=@OLD_SQL_NOTES */;

-- Dump completed on 2023-06-10 13:43:14
